{
  "0": {
    "words": [
      "gitlab",
      "2025",
      "20",
      "com",
      "11",
      "57",
      "https",
      "gitlab com",
      "docker",
      "https gitlab"
    ],
    "scores": [
      0.11006014426454248,
      0.05281224862595307,
      0.04459814325477154,
      0.04420527625350912,
      0.0441595560695078,
      0.04051823380046571,
      0.03937047714566374,
      0.03552281246232999,
      0.03139376814567617,
      0.02658002213954022
    ]
  },
  "1": {
    "words": [
      "kubernetes",
      "cluster",
      "app",
      "https",
      "github",
      "com",
      "service",
      "github com",
      "https github",
      "yaml"
    ],
    "scores": [
      0.08882505406674088,
      0.058809314823675796,
      0.0544237512695485,
      0.05055096357212214,
      0.03739105771724193,
      0.036364917323832305,
      0.034031414270407255,
      0.03280684319639169,
      0.03280684319639169,
      0.0327149540416061
    ]
  },
  "2": {
    "words": [
      "cd",
      "ci cd",
      "ci",
      "use",
      "terraform",
      "github",
      "docker",
      "https",
      "services",
      "just"
    ],
    "scores": [
      0.09010123233044068,
      0.08918410646374329,
      0.08391025967392207,
      0.04177865695409269,
      0.0372199092176266,
      0.031294437643072916,
      0.031212113773268865,
      0.028709419352248095,
      0.028598374908734764,
      0.028338453599152724
    ]
  },
  "3": {
    "words": [
      "devops",
      "experience",
      "learning",
      "learn",
      "tools",
      "ai",
      "job",
      "python",
      "devops tools",
      "like"
    ],
    "scores": [
      0.16804829878500038,
      0.07836964811242464,
      0.06033882281263054,
      0.052918576384482725,
      0.04843119384305338,
      0.047131769607545,
      0.04227987339448687,
      0.04022588187508702,
      0.03882025925977625,
      0.0385801681805406
    ]
  },
  "4": {
    "words": [
      "shared",
      "gitlab",
      "plan",
      "bash",
      "ci",
      "pipeline",
      "gitlab ci",
      "job",
      "file",
      "repository"
    ],
    "scores": [
      0.06963678963252441,
      0.06832104202096458,
      0.06230660125015342,
      0.05739330858781996,
      0.055606922290072434,
      0.05143950100330627,
      0.04764622448541144,
      0.043469754794454966,
      0.042575381574240734,
      0.04244825101443402
    ]
  },
  "5": {
    "words": [
      "commit",
      "repository",
      "git",
      "folder",
      "new",
      "want",
      "history",
      "reset",
      "commits",
      "change"
    ],
    "scores": [
      0.11651324428248157,
      0.10991387549907702,
      0.09964573621775694,
      0.08683451945181035,
      0.08229282851223678,
      0.08108773423696423,
      0.07895242351918157,
      0.070867622223166,
      0.06633554860829215,
      0.06509326752792087
    ]
  }
}