{
  "0": {
    "words": [
      "gitlab",
      "2025",
      "utc",
      "20",
      "13",
      "11",
      "com",
      "57",
      "https",
      "gitlab com"
    ],
    "scores": [
      0.10627377483788421,
      0.048937845255392076,
      0.04412308115637185,
      0.04389809320707522,
      0.0434653564612724,
      0.04280373863123976,
      0.04075177977416983,
      0.04011234261940851,
      0.03600367445282512,
      0.035153109878960316
    ]
  },
  "1": {
    "words": [
      "kubernetes",
      "https",
      "app",
      "com",
      "helm",
      "github",
      "kubectl",
      "using",
      "service",
      "github com"
    ],
    "scores": [
      0.08315126316056451,
      0.04777361940441379,
      0.047553892827280855,
      0.035735930231507236,
      0.03309003075193424,
      0.03261467370600647,
      0.03201220952277765,
      0.031398752971714426,
      0.030128622998635276,
      0.02948999077281457
    ]
  },
  "2": {
    "words": [
      "devops",
      "experience",
      "job",
      "learning",
      "learn",
      "tools",
      "azure",
      "automation",
      "ai",
      "devops tools"
    ],
    "scores": [
      0.1436108351069286,
      0.06375392268587111,
      0.04296586757240647,
      0.04272017542996551,
      0.03705122279570066,
      0.03515653794147003,
      0.03373784774910273,
      0.03172670676099404,
      0.0301418677520684,
      0.03012913060033323
    ]
  },
  "3": {
    "words": [
      "ci cd",
      "cd",
      "ci",
      "pipeline",
      "people",
      "cd pipeline",
      "tools",
      "use",
      "project",
      "pipelines"
    ],
    "scores": [
      0.12370082760002704,
      0.12222193572892776,
      0.11734608419097406,
      0.048026639664364594,
      0.04512358744368286,
      0.044981898515373535,
      0.03939832881784371,
      0.03922348776767299,
      0.03704446463652523,
      0.035483572659886914
    ]
  },
  "4": {
    "words": [
      "docker",
      "just",
      "use",
      "terraform",
      "services",
      "like",
      "run",
      "deploy",
      "github",
      "containers"
    ],
    "scores": [
      0.09115230860478948,
      0.05232707280244534,
      0.045831028717782774,
      0.04522868461547654,
      0.039543788996345725,
      0.035259291056719023,
      0.03321245417644253,
      0.032754772385083,
      0.03268906364277482,
      0.026279747161311418
    ]
  },
  "5": {
    "words": [
      "pipeline",
      "gitlab",
      "ci",
      "job",
      "shared",
      "plan",
      "bash",
      "file",
      "repository",
      "build"
    ],
    "scores": [
      0.09438272963973866,
      0.05495576758077546,
      0.052483751679316744,
      0.05220686348044068,
      0.04647929611299972,
      0.0415867386274208,
      0.03767705760996473,
      0.036848793363059275,
      0.03635212431907344,
      0.03554283393526808
    ]
  },
  "6": {
    "words": [
      "commit",
      "repository",
      "git",
      "folder",
      "new",
      "history",
      "want",
      "reset",
      "commits",
      "change"
    ],
    "scores": [
      0.11304378377567725,
      0.106484487566982,
      0.0959445070695075,
      0.08440796599130787,
      0.07888580937281334,
      0.07677255434682097,
      0.07597336146315065,
      0.06893847001662885,
      0.06449256691432523,
      0.06317928879992206
    ]
  }
}